URL,Company Name,Industry,Tech Stack,CRM Detected,Confidence Score,Email Draft
https://www.salesforce.com/company/about-us/,Salesforce,Technology,"AI, CRM",Salesforce,1.0,"Тема: Как сделать исследования такими же быстрыми, как ваш AI

Привет, команда Salesforce!

Ваш девиз ""Когда наши клиенты успешны, мы успешны"" — это не просто слова. Это философия, которая ведет за собой. Ваша позиция как ""#1 AI CRM"" впечатляет и, безусловно, накладывает обязательства по постоянному обновлению и адаптации технологий.

Однако, даже у лидеров индустрии, таких как вы, может возникнуть проблема с масштабируемой персонализацией. Представьте, что ваш ресерч мог бы быть таким же глубоким, как это письмо, но в 100 раз быстрее. VYUD решает именно эту задачу.

Интересно узнать, как мы это делаем? Стоит обсудить подробнее?

С уважением,
[Ваше имя]  
VYUD"
https://www.hubspot.com/our-story,HubSpot,Software,"Smart CRM, AI-powered content marketing software, Marketing Hub, Sales Hub, Service Hub, Content Hub, Data Hub, Commerce Hub",Smart CRM,1.0,"Тема: Ваш секретный ингредиент успеха

Привет, команда HubSpot!

Вы помогаете миллионам организаций расти лучше, и это впечатляет. Но как вы справляетесь с интеграцией данных между всеми вашими хабами и инструментами? Даже с вашим Smart CRM и AI, поддержание бесшовного взаимодействия между командами — это вызов. 

Здесь на помощь приходит VYUD. Мы делаем глубокий ресерч так же быстро, как вы читаете это письмо. Представьте, что каждая ваша кампания может быть персонализирована до мелочей, но в 100 раз быстрее.

Интересно узнать, как мы это делаем? Стоит обсудить подробнее?

С уважением,
[Ваше имя]  
[Ваша должность]  
VYUD"
https://www.zendesk.com/about/,Zendesk,Customer Service,"Zendesk-KI, AI Agents, Ticketsystem, Messaging, Live-Chat",Zendesk,1.0,"Тема: Как сделать Zendesk ещё более эффективным?

Привет команда Zendesk,

Вы уже мастера в упрощении бизнес-процессов и улучшении взаимодействия с клиентами через свои продукты, такие как AI Agents и Live-Chat. Но что, если можно сделать это в 100 раз быстрее?

С вашим стеком технологий, включая Zendesk-KI и Ticketsystem, персонализация при масштабировании может стать вызовом. VYUD помогает компаниям, таким как Zendesk, автоматизировать глубокий ресерч и адаптировать его под нужды клиентов, оставляя вашим командам больше времени на стратегические задачи.

Стоит обсудить подробнее, как мы это делаем?

С уважением,
[Ваше имя]"
